Workbook

Sheet Export
A1: Salon | B1: SalonWeekEndingDate | C1: Cust Count | D1: Cust Count Last Year | E1: Cust Count % Change | F1: New Cust | G1: New Cust % | H1: Salon New Cust Return % | I1: Salon Repeat Cust Return % | J1: Floor Hours | K1: Sat/Sun Floor Hours % | L1: Floor Hours Growth | M1: Wait Times > 15Min % | N1: Sat/Sun Wait Times > 15Min % | O1: Avg Wait Time | P1: Avg HC Time | Q1: CPH | R1: Productivity | S1: Discount %
A2: 2544: Target Center | B2: 46227 | C2: 188 | D2: 200 | E2: -0.06 | F2: 50 | G2: 0.26595745 | H2: 0.2 | I2: 0.707 | J2: 107.4 | K2: 0.313 | L2: -42.61 | M2: 0.197 | N2: 0.339 | O2: 6.5473404 | P2: 15.183648 | Q2: 1.7871865 | R2: 36.061453 | S2: 0.023495956
A3: 3750: Publix at County Line Road | B3: 46227 | C3: 195 | D3: 173 | E3: 0.12716763 | F3: 30 | G3: 0.15384615 | H3: 0.188 | I3: 0.775 | J3: 131.84 | K3: 0.253 | L3: 6.33 | M3: 0.087 | N3: 0.15 | O3: 3.8025641 | P3: 14.122527 | Q3: 1.5421957 | R3: 31.32585 | S3: 0.040226332
A4: 4442: Weeki Wachee | B4: 46227 | C4: 219 | F4: 84 | G4: 0.38356164 | H4: 0.489 | I4: 0.667 | J4: 145.59 | K4: 0.234 | L4: 145.59 | M4: 0.132 | N4: 0.243 | O4: 5.5657534 | P4: 15.314778 | Q4: 1.5728689 | R4: 31.471942 | S4: 0.15688226
A5: 0529: Village Plaza at Westchase | B5: 46227 | C5: 223 | D5: 184 | E5: 0.21195652 | F5: 37 | G5: 0.16591928 | H5: 0.25 | I5: 0.727 | J5: 123.8 | K5: 0.249 | L5: -12.97 | M5: 0.152 | N5: 0.29 | O5: 6.5085202 | P5: 14.048309 | Q5: 1.8718991 | R5: 38.198708 | S5: 0.067769084
A6: 8072: High Glen | B6: 46227 | C6: 223 | D6: 194 | E6: 0.14948454 | F6: 45 | G6: 0.20179372 | H6: 0.233 | I6: 0.679 | J6: 138.42 | K6: 0.268 | L6: -15.79 | M6: 0.081 | N6: 0.095 | O6: 3.6636771 | P6: 15.9199 | Q6: 1.6283885 | R6: 33.001011 | S6: 0.056057356
A7: 3596: Belmont Development | B7: 46227 | C7: 232 | D7: 181 | E7: 0.28176796 | F7: 41 | G7: 0.17672414 | H7: 0.138 | I7: 0.698 | J7: 145.05 | K7: 0.228 | L7: -8.52 | M7: 0.03 | N7: 0 | O7: 2.512069 | P7: 11.505991 | Q7: 1.6366247 | R7: 33.071355 | S7: 0.054267476
A8: 4216: North River Ranch | B8: 46227 | C8: 245 | F8: 73 | G8: 0.29795918 | H8: 0.319 | I8: 0.8 | J8: 138.8 | K8: 0.245 | L8: 138.8 | M8: 0.114 | N8: 0.164 | O8: 5.0583673 | P8: 16.733906 | Q8: 1.7804208 | R8: 35.18732 | S8: 0.10047081
A9: 3331: Terrace Ridge Plaza | B9: 46227 | C9: 249 | D9: 184 | E9: 0.35326087 | F9: 64 | G9: 0.25702811 | H9: 0.298 | I9: 0.642 | J9: 134.61 | K9: 0.241 | L9: -15.47 | M9: 0.205 | N9: 0.258 | O9: 8.164257 | P9: 17.042291 | Q9: 1.8963268 | R9: 38.719263 | S9: 0.038767097
A10: 3087: Plantation Square | B10: 46227 | C10: 254 | D10: 228 | E10: 0.11403509 | F10: 57 | G10: 0.22440945 | H10: 0.132 | I10: 0.68 | J10: 143.59 | K10: 0.294 | L10: 3.86 | M10: 0.157 | N10: 0.128 | O10: 6.5129921 | P10: 16.728139 | Q10: 1.7892618 | R10: 36.047078 | S10: 0.037710587
A11: 7072: French Golden Gate | B11: 46227 | C11: 262 | D11: 259 | E11: 0.011583012 | F11: 62 | G11: 0.23664122 | H11: 0.143 | I11: 0.627 | J11: 162.62 | K11: 0.304 | L11: -1.74 | M11: 0.069 | N11: 0.093 | O11: 3.8038168 | P11: 16.085106 | Q11: 1.6534971 | R11: 33.421473 | S11: 0.01164758
A12: 4078: Apollo Beach at Waterset | B12: 46227 | C12: 267 | D12: 191 | E12: 0.39790576 | F12: 51 | G12: 0.19101124 | H12: 0.25 | I12: 0.793 | J12: 163.58 | K12: 0.301 | L12: 9.76 | M12: 0.086 | N12: 0.138 | O12: 3.7146067 | P12: 16.3 | Q12: 1.6724922 | R12: 35.774545 | S12: 0.023098086
A13: 1194: Lithia Crossings | B13: 46227 | C13: 269 | D13: 288 | E13: -0.065972222 | F13: 66 | G13: 0.24535316 | H13: 0.19 | I13: 0.677 | J13: 163.9 | K13: 0.257 | L13: -49.2 | M13: 0.178 | N13: 0.154 | O13: 7.3475836 | P13: 18.996825 | Q13: 1.6462971 | R13: 31.702257 | S13: 0.064403244
A14: 3672: Champions Crossing | B14: 46227 | C14: 272 | D14: 246 | E14: 0.10569106 | F14: 76 | G14: 0.27941176 | H14: 0.237 | I14: 0.651 | J14: 169.73 | K14: 0.314 | L14: 13.29 | M14: 0.063 | N14: 0.027 | O14: 3.1393382 | P14: 17.092653 | Q14: 1.5987784 | R14: 32.451541 | S14: 0.036339869
A15: 2988: Loughman Crossing | B15: 46227 | C15: 273 | D15: 223 | E15: 0.22421525 | F15: 61 | G15: 0.22344322 | H15: 0.176 | I15: 0.653 | J15: 160.17 | K15: 0.237 | L15: -1.22 | M15: 0.132 | N15: 0.136 | O15: 5.86337 | P15: 15.092857 | Q15: 1.7392883 | R15: 34.869201 | S15: 0.045679235
A16: 0505: Creekwood Crossing | B16: 46227 | C16: 273 | D16: 244 | E16: 0.11885246 | F16: 48 | G16: 0.17582418 | H16: 0.174 | I16: 0.665 | J16: 163.84 | K16: 0.244 | L16: -22.53 | M16: 0.106 | N16: 0.173 | O16: 5.0967033 | P16: 16.520677 | Q16: 1.6758726 | R16: 31.890869 | S16: 0.027982775
A17: 1715: Hillsboro Plaza | B17: 46227 | C17: 280 | D17: 235 | E17: 0.19148936 | F17: 69 | G17: 0.24642857 | H17: 0.224 | I17: 0.749 | J17: 156.71 | K17: 0.291 | L17: 4.03 | M17: 0.089 | N17: 0.05 | O17: 3.9857143 | P17: 14.788672 | Q17: 1.8482216 | R17: 37.827835 | S17: 0.032250337
A18: 0527: Ridgemoor Commons | B18: 46227 | C18: 281 | D18: 255 | E18: 0.10196078 | F18: 27 | G18: 0.096085409 | H18: 0.346 | I18: 0.792 | J18: 153.52 | K18: 0.285 | L18: 13.82 | M18: 0.053 | N18: 0.067 | O18: 2.7213523 | P18: 15.723985 | Q18: 1.8415309 | R18: 39.011204 | S18: 0.037939556
A19: 3892: University Walk | B19: 46227 | C19: 287 | D19: 239 | E19: 0.20083682 | F19: 70 | G19: 0.24390244 | H19: 0.2 | I19: 0.746 | J19: 145.12 | K19: 0.264 | L19: -7.88 | M19: 0.244 | N19: 0.165 | O19: 9.8926829 | P19: 16.812734 | Q19: 2.0362344 | R19: 42.661246 | S19: 0.058579997
A20: 9646: Highland City Towncenter | B20: 46227 | C20: 298 | D20: 236 | E20: 0.26271186 | F20: 42 | G20: 0.1409396 | H20: 0.185 | I20: 0.739 | J20: 155.75 | K20: 0.271 | L20: 7.44 | M20: 0.148 | N20: 0.176 | O20: 5.933557 | P20: 15.498519 | Q20: 2.0158809 | R20: 32.808989 | S20: 0.018820412
... A93: 0534: Mitchell Ranch Plaza | B93: 46227 | C93: 676 | D93: 539 | E93: 0.2541744 | F93: 136 | G93: 0.20118343 | H93: 0.183 | I93: 0.725 | J93: 256.31 | K93: 0.302 | L93: 19.04 | M93: 0.075 | N93: 0.055 | O93: 4.414645 | P93: 14.799219 | Q93: 2.6894928 | R93: 54.227303 | S93: 0.031845732

Sheet Salon Summary
A1: My Salons vs. Competition — Week Ending 07/24/26
A2: Rank = position among the 92 rows in the Export tab (1 = best). Note: '0528: Soho Pointe' is duplicated in the export, so 91 unique salons.
D3: 4216: North River Ranch | F3: 3800: Publix at Braden River | H3: 3750: Publix at County Line Road | J3: 3826: Kings Crossing Publix | L3: System
A4: Metric | B4: Col | C4: Dir | D4: Value | E4: Rank | F4: Value | G4: Rank | H4: Value | I4: Rank | J4: Value | K4: Rank | L4: Avg | M4: Median
A5: Cust Count | B5: 3 | C5: 0 | D5: {=IF(INDEX(Export!$A$2:$S$93,MATCH(D$3,Export!$A$2:$A$93,0),$B5)="","n/a",INDEX(Export!$A$2:$S$93,MATCH(D$3,Export!$A$2:$A$93,0),$B5))} -> 245 | E5: =IFERROR(_xlfn.RANK.EQ(D5,INDEX(Export!$C$2:$S$93,0,$B5-2),$C5),"n/a") -> 86 | F5: {=IF(INDEX(Export!$A$2:$S$93,MATCH(F$3,Export!$A$2:$A$93,0),$B5)="","n/a",INDEX(Export!$A$2:$S$93,MATCH(F$3,Export!$A$2:$A$93,0),$B5))} -> 406 | G5: =IFERROR(_xlfn.RANK.EQ(F5,INDEX(Export!$C$2:$S$93,0,$B5-2),$C5),"n/a") -> 34 | H5: {=IF(INDEX(Export!$A$2:$S$93,MATCH(H$3,Export!$A$2:$A$93,0),$B5)="","n/a",INDEX(Export!$A$2:$S$93,MATCH(H$3,Export!$A$2:$A$93,0),$B5))} -> 195 | I5: =IFERROR(_xlfn.RANK.EQ(H5,INDEX(Export!$C$2:$S$93,0,$B5-2),$C5),"n/a") -> 91 | J5: {=IF(INDEX(Export!$A$2:$S$93,MATCH(J$3,Export!$A$2:$A$93,0),$B5)="","n/a",INDEX(Export!$A$2:$S$93,MATCH(J$3,Export!$A$2:$A$93,0),$B5))} -> 394 | K5: =IFERROR(_xlfn.RANK.EQ(J5,INDEX(Export!$C$2:$S$93,0,$B5-2),$C5),"n/a") -> 37 | L5: =AVERAGE(INDEX(Export!$C$2:$S$93,0,$B5-2)) -> 380.69565 | M5: =MEDIAN(INDEX(Export!$C$2:$S$93,0,$B5-2)) -> 363.5
A6: Cust Count % Change | B6: 5 | C6: 0 | D6: {=IF(INDEX(Export!$A$2:$S$93,MATCH(D$3,Export!$A$2:$A$93,0),$B6)="","n/a",INDEX(Export!$A$2:$S$93,MATCH(D$3,Export!$A$2:$A$93,0),$B6))} -> n/a | E6: =IFERROR(_xlfn.RANK.EQ(D6,INDEX(Export!$C$2:$S$93,0,$B6-2),$C6),"n/a") -> n/a | F6: {=IF(INDEX(Export!$A$2:$S$93,MATCH(F$3,Export!$A$2:$A$93,0),$B6)="","n/a",INDEX(Export!$A$2:$S$93,MATCH(F$3,Export!$A$2:$A$93,0),$B6))} -> 0.53787879 | G6: =IFERROR(_xlfn.RANK.EQ(F6,INDEX(Export!$C$2:$S$93,0,$B6-2),$C6),"n/a") -> 5 | H6: {=IF(INDEX(Export!$A$2:$S$93,MATCH(H$3,Export!$A$2:$A$93,0),$B6)="","n/a",INDEX(Export!$A$2:$S$93,MATCH(H$3,Export!$A$2:$A$93,0),$B6))} -> 0.12716763 | I6: =IFERROR(_xlfn.RANK.EQ(H6,INDEX(Export!$C$2:$S$93,0,$B6-2),$C6),"n/a") -> 62 | J6: {=IF(INDEX(Export!$A$2:$S$93,MATCH(J$3,Export!$A$2:$A$93,0),$B6)="","n/a",INDEX(Export!$A$2:$S$93,MATCH(J$3,Export!$A$2:$A$93,0),$B6))} -> 0.17964072 | K6: =IFERROR(_xlfn.RANK.EQ(J6,INDEX(Export!$C$2:$S$93,0,$B6-2),$C6),"n/a") -> 49 | L6: =AVERAGE(INDEX(Export!$C$2:$S$93,0,$B6-2)) -> 0.23906859 | M6: =MEDIAN(INDEX(Export!$C$2:$S$93,0,$B6-2)) -> 0.18909506
A7: New Cust | B7: 6 | C7: 0 | D7: {=IF(INDEX(Export!$A$2:$S$93,MATCH(D$3,Export!$A$2:$A$93,0),$B7)="","n/a",INDEX(Export!$A$2:$S$93,MATCH(D$3,Export!$A$2:$A$93,0),$B7))} -> 73 | E7: =IFERROR(_xlfn.RANK.EQ(D7,INDEX(Export!$C$2:$S$93,0,$B7-2),$C7),"n/a") -> 36 | F7: {=IF(INDEX(Export!$A$2:$S$93,MATCH(F$3,Export!$A$2:$A$93,0),$B7)="","n/a",INDEX(Export!$A$2:$S$93,MATCH(F$3,Export!$A$2:$A$93,0),$B7))} -> 53 | G7: =IFERROR(_xlfn.RANK.EQ(F7,INDEX(Export!$C$2:$S$93,0,$B7-2),$C7),"n/a") -> 73 | H7: {=IF(INDEX(Export!$A$2:$S$93,MATCH(H$3,Export!$A$2:$A$93,0),$B7)="","n/a",INDEX(Export!$A$2:$S$93,MATCH(H$3,Export!$A$2:$A$93,0),$B7))} -> 30 | I7: =IFERROR(_xlfn.RANK.EQ(H7,INDEX(Export!$C$2:$S$93,0,$B7-2),$C7),"n/a") -> 91 | J7: {=IF(INDEX(Export!$A$2:$S$93,MATCH(J$3,Export!$A$2:$A$93,0),$B7)="","n/a",INDEX(Export!$A$2:$S$93,MATCH(J$3,Export!$A$2:$A$93,0),$B7))} -> 58 | K7: =IFERROR(_xlfn.RANK.EQ(J7,INDEX(Export!$C$2:$S$93,0,$B7-2),$C7),"n/a") -> 66 | L7: =AVERAGE(INDEX(Export!$C$2:$S$93,0,$B7-2)) -> 70.293478 | M7: =MEDIAN(INDEX(Export!$C$2:$S$93,0,$B7-2)) -> 70
A8: New Cust % | B8: 7 | C8: 0 | D8: {=IF(INDEX(Export!$A$2:$S$93,MATCH(D$3,Export!$A$2:$A$93,0),$B8)="","n/a",INDEX(Export!$A$2:$S$93,MATCH(D$3,Export!$A$2:$A$93,0),$B8))} -> 0.29795918 | E8: =IFERROR(_xlfn.RANK.EQ(D8,INDEX(Export!$C$2:$S$93,0,$B8-2),$C8),"n/a") -> 4 | F8: {=IF(INDEX(Export!$A$2:$S$93,MATCH(F$3,Export!$A$2:$A$93,0),$B8)="","n/a",INDEX(Export!$A$2:$S$93,MATCH(F$3,Export!$A$2:$A$93,0),$B8))} -> 0.13054187 | G8: =IFERROR(_xlfn.RANK.EQ(F8,INDEX(Export!$C$2:$S$93,0,$B8-2),$C8),"n/a") -> 87 | H8: {=IF(INDEX(Export!$A$2:$S$93,MATCH(H$3,Export!$A$2:$A$93,0),$B8)="","n/a",INDEX(Export!$A$2:$S$93,MATCH(H$3,Export!$A$2:$A$93,0),$B8))} -> 0.15384615 | I8: =IFERROR(_xlfn.RANK.EQ(H8,INDEX(Export!$C$2:$S$93,0,$B8-2),$C8),"n/a") -> 68 | J8: {=IF(INDEX(Export!$A$2:$S$93,MATCH(J$3,Export!$A$2:$A$93,0),$B8)="","n/a",INDEX(Export!$A$2:$S$93,MATCH(J$3,Export!$A$2:$A$93,0),$B8))} -> 0.14720812 | K8: =IFERROR(_xlfn.RANK.EQ(J8,INDEX(Export!$C$2:$S$93,0,$B8-2),$C8),"n/a") -> 72 | L8: =AVERAGE(INDEX(Export!$C$2:$S$93,0,$B8-2)) -> 0.18974306 | M8: =MEDIAN(INDEX(Export!$C$2:$S$93,0,$B8-2)) -> 0.18269702
A9: New Cust Return % | B9: 8 | C9: 0 | D9: {=IF(INDEX(Export!$A$2:$S$93,MATCH(D$3,Export!$A$2:$A$93,0),$B9)="","n/a",INDEX(Export!$A$2:$S$93,MATCH(D$3,Export!$A$2:$A$93,0),$B9))} -> 0.319 | E9: =IFERROR(_xlfn.RANK.EQ(D9,INDEX(Export!$C$2:$S$93,0,$B9-2),$C9),"n/a") -> 11 | F9: {=IF(INDEX(Export!$A$2:$S$93,MATCH(F$3,Export!$A$2:$A$93,0),$B9)="","n/a",INDEX(Export!$A$2:$S$93,MATCH(F$3,Export!$A$2:$A$93,0),$B9))} -> 0.287 | G9: =IFERROR(_xlfn.RANK.EQ(F9,INDEX(Export!$C$2:$S$93,0,$B9-2),$C9),"n/a") -> 19 | H9: {=IF(INDEX(Export!$A$2:$S$93,MATCH(H$3,Export!$A$2:$A$93,0),$B9)="","n/a",INDEX(Export!$A$2:$S$93,MATCH(H$3,Export!$A$2:$A$93,0),$B9))} -> 0.188 | I9: =IFERROR(_xlfn.RANK.EQ(H9,INDEX(Export!$C$2:$S$93,0,$B9-2),$C9),"n/a") -> 64 | J9: {=IF(INDEX(Export!$A$2:$S$93,MATCH(J$3,Export!$A$2:$A$93,0),$B9)="","n/a",INDEX(Export!$A$2:$S$93,MATCH(J$3,Export!$A$2:$A$93,0),$B9))} -> 0.262 | K9: =IFERROR(_xlfn.RANK.EQ(J9,INDEX(Export!$C$2:$S$93,0,$B9-2),$C9),"n/a") -> 25 | L9: =AVERAGE(INDEX(Export!$C$2:$S$93,0,$B9-2)) -> 0.23338043 | M9: =MEDIAN(INDEX(Export!$C$2:$S$93,0,$B9-2)) -> 0.23
A10: Repeat Cust Return % | B10: 9 | C10: 0 | D10: {=IF(INDEX(Export!$A$2:$S$93,MATCH(D$3,Export!$A$2:$A$93,0),$B10)="","n/a",INDEX(Export!$A$2:$S$93,MATCH(D$3,Export!$A$2:$A$93,0),$B10))} -> 0.8 | E10: =IFERROR(_xlfn.RANK.EQ(D10,INDEX(Export!$C$2:$S$93,0,$B10-2),$C10),"n/a") -> 2 | F10: {=IF(INDEX(Export!$A$2:$S$93,MATCH(F$3,Export!$A$2:$A$93,0),$B10)="","n/a",INDEX(Export!$A$2:$S$93,MATCH(F$3,Export!$A$2:$A$93,0),$B10))} -> 0.704 | G10: =IFERROR(_xlfn.RANK.EQ(F10,INDEX(Export!$C$2:$S$93,0,$B10-2),$C10),"n/a") -> 57 | H10: {=IF(INDEX(Export!$A$2:$S$93,MATCH(H$3,Export!$A$2:$A$93,0),$B10)="","n/a",INDEX(Export!$A$2:$S$93,MATCH(H$3,Export!$A$2:$A$93,0),$B10))} -> 0.775 | I10: =IFERROR(_xlfn.RANK.EQ(H10,INDEX(Export!$C$2:$S$93,0,$B10-2),$C10),"n/a") -> 14 | J10: {=IF(INDEX(Export!$A$2:$S$93,MATCH(J$3,Export!$A$2:$A$93,0),$B10)="","n/a",INDEX(Export!$A$2:$S$93,MATCH(J$3,Export!$A$2:$A$93,0),$B10))} -> 0.743 | K10: =IFERROR(_xlfn.RANK.EQ(J10,INDEX(Export!$C$2:$S$93,0,$B10-2),$C10),"n/a") -> 33 | L10: =AVERAGE(INDEX(Export!$C$2:$S$93,0,$B10-2)) -> 0.71469565 | M10: =MEDIAN(INDEX(Export!$C$2:$S$93,0,$B10-2)) -> 0.724
A11: Floor Hours | B11: 10 | C11: 0 | D11: {=IF(INDEX(Export!$A$2:$S$93,MATCH(D$3,Export!$A$2:$A$93,0),$B11)="","n/a",INDEX(Export!$A$2:$S$93,MATCH(D$3,Export!$A$2:$A$93,0),$B11))} -> 138.8 | E11: =IFERROR(_xlfn.RANK.EQ(D11,INDEX(Export!$C$2:$S$93,0,$B11-2),$C11),"n/a") -> 87 | F11: {=IF(INDEX(Export!$A$2:$S$93,MATCH(F$3,Export!$A$2:$A$93,0),$B11)="","n/a",INDEX(Export!$A$2:$S$93,MATCH(F$3,Export!$A$2:$A$93,0),$B11))} -> 173.84 | G11: =IFERROR(_xlfn.RANK.EQ(F11,INDEX(Export!$C$2:$S$93,0,$B11-2),$C11),"n/a") -> 38 | H11: {=IF(INDEX(Export!$A$2:$S$93,MATCH(H$3,Export!$A$2:$A$93,0),$B11)="","n/a",INDEX(Export!$A$2:$S$93,MATCH(H$3,Export!$A$2:$A$93,0),$B11))} -> 131.84 | I11: =IFERROR(_xlfn.RANK.EQ(H11,INDEX(Export!$C$2:$S$93,0,$B11-2),$C11),"n/a") -> 90 | J11: {=IF(INDEX(Export!$A$2:$S$93,MATCH(J$3,Export!$A$2:$A$93,0),$B11)="","n/a",INDEX(Export!$A$2:$S$93,MATCH(J$3,Export!$A$2:$A$93,0),$B11))} -> 189.89 | K11: =IFERROR(_xlfn.RANK.EQ(J11,INDEX(Export!$C$2:$S$93,0,$B11-2),$C11),"n/a") -> 27 | L11: =AVERAGE(INDEX(Export!$C$2:$S$93,0,$B11-2)) -> 178.23641 | M11: =MEDIAN(INDEX(Export!$C$2:$S$93,0,$B11-2)) -> 167.445
A12: Floor Hours Growth | B12: 12 | C12: 0 | D12: {=IF(INDEX(Export!$A$2:$S$93,MATCH(D$3,Export!$A$2:$A$93,0),$B12)="","n/a",INDEX(Export!$A$2:$S$93,MATCH(D$3,Export!$A$2:$A$93,0),$B12))} -> 138.8 | E12: =IFERROR(_xlfn.RANK.EQ(D12,INDEX(Export!$C$2:$S$93,0,$B12-2),$C12),"n/a") -> 2 | F12: {=IF(INDEX(Export!$A$2:$S$93,MATCH(F$3,Export!$A$2:$A$93,0),$B12)="","n/a",INDEX(Export!$A$2:$S$93,MATCH(F$3,Export!$A$2:$A$93,0),$B12))} -> 20.52 | G12: =IFERROR(_xlfn.RANK.EQ(F12,INDEX(Export!$C$2:$S$93,0,$B12-2),$C12),"n/a") -> 9 | H12: {=IF(INDEX(Export!$A$2:$S$93,MATCH(H$3,Export!$A$2:$A$93,0),$B12)="","n/a",INDEX(Export!$A$2:$S$93,MATCH(H$3,Export!$A$2:$A$93,0),$B12))} -> 6.33 | I12: =IFERROR(_xlfn.RANK.EQ(H12,INDEX(Export!$C$2:$S$93,0,$B12-2),$C12),"n/a") -> 28 | J12: {=IF(INDEX(Export!$A$2:$S$93,MATCH(J$3,Export!$A$2:$A$93,0),$B12)="","n/a",INDEX(Export!$A$2:$S$93,MATCH(J$3,Export!$A$2:$A$93,0),$B12))} -> 5.9 | K12: =IFERROR(_xlfn.RANK.EQ(J12,INDEX(Export!$C$2:$S$93,0,$B12-2),$C12),"n/a") -> 29 | L12: =AVERAGE(INDEX(Export!$C$2:$S$93,0,$B12-2)) -> -2.4645652 | M12: =MEDIAN(INDEX(Export!$C$2:$S$93,0,$B12-2)) -> -3.325
A13: Wait Times > 15 Min % | B13: 13 | C13: 1 | D13: {=IF(INDEX(Export!$A$2:$S$93,MATCH(D$3,Export!$A$2:$A$93,0),$B13)="","n/a",INDEX(Export!$A$2:$S$93,MATCH(D$3,Export!$A$2:$A$93,0),$B13))} -> 0.114 | E13: =IFERROR(_xlfn.RANK.EQ(D13,INDEX(Export!$C$2:$S$93,0,$B13-2),$C13),"n/a") -> 47 | F13: {=IF(INDEX(Export!$A$2:$S$93,MATCH(F$3,Export!$A$2:$A$93,0),$B13)="","n/a",INDEX(Export!$A$2:$S$93,MATCH(F$3,Export!$A$2:$A$93,0),$B13))} -> 0.074 | G13: =IFERROR(_xlfn.RANK.EQ(F13,INDEX(Export!$C$2:$S$93,0,$B13-2),$C13),"n/a") -> 16 | H13: {=IF(INDEX(Export!$A$2:$S$93,MATCH(H$3,Export!$A$2:$A$93,0),$B13)="","n/a",INDEX(Export!$A$2:$S$93,MATCH(H$3,Export!$A$2:$A$93,0),$B13))} -> 0.087 | I13: =IFERROR(_xlfn.RANK.EQ(H13,INDEX(Export!$C$2:$S$93,0,$B13-2),$C13),"n/a") -> 28 | J13: {=IF(INDEX(Export!$A$2:$S$93,MATCH(J$3,Export!$A$2:$A$93,0),$B13)="","n/a",INDEX(Export!$A$2:$S$93,MATCH(J$3,Export!$A$2:$A$93,0),$B13))} -> 0.259 | K13: =IFERROR(_xlfn.RANK.EQ(J13,INDEX(Export!$C$2:$S$93,0,$B13-2),$C13),"n/a") -> 91 | L13: =AVERAGE(INDEX(Export!$C$2:$S$93,0,$B13-2)) -> 0.12072826 | M13: =MEDIAN(INDEX(Export!$C$2:$S$93,0,$B13-2)) -> 0.111
A14: Avg Wait Time (min) | B14: 15 | C14: 1 | D14: {=IF(INDEX(Export!$A$2:$S$93,MATCH(D$3,Export!$A$2:$A$93,0),$B14)="","n/a",INDEX(Export!$A$2:$S$93,MATCH(D$3,Export!$A$2:$A$93,0),$B14))} -> 5.0583673 | E14: =IFERROR(_xlfn.RANK.EQ(D14,INDEX(Export!$C$2:$S$93,0,$B14-2),$C14),"n/a") -> 45 | F14: {=IF(INDEX(Export!$A$2:$S$93,MATCH(F$3,Export!$A$2:$A$93,0),$B14)="","n/a",INDEX(Export!$A$2:$S$93,MATCH(F$3,Export!$A$2:$A$93,0),$B14))} -> 3.3679803 | G14: =IFERROR(_xlfn.RANK.EQ(F14,INDEX(Export!$C$2:$S$93,0,$B14-2),$C14),"n/a") -> 10 | H14: {=IF(INDEX(Export!$A$2:$S$93,MATCH(H$3,Export!$A$2:$A$93,0),$B14)="","n/a",INDEX(Export!$A$2:$S$93,MATCH(H$3,Export!$A$2:$A$93,0),$B14))} -> 3.8025641 | I14: =IFERROR(_xlfn.RANK.EQ(H14,INDEX(Export!$C$2:$S$93,0,$B14-2),$C14),"n/a") -> 20 | J14: {=IF(INDEX(Export!$A$2:$S$93,MATCH(J$3,Export!$A$2:$A$93,0),$B14)="","n/a",INDEX(Export!$A$2:$S$93,MATCH(J$3,Export!$A$2:$A$93,0),$B14))} -> 9.930203 | K14: =IFERROR(_xlfn.RANK.EQ(J14,INDEX(Export!$C$2:$S$93,0,$B14-2),$C14),"n/a") -> 91 | L14: =AVERAGE(INDEX(Export!$C$2:$S$93,0,$B14-2)) -> 5.3816793 | M14: =MEDIAN(INDEX(Export!$C$2:$S$93,0,$B14-2)) -> 5.1007613
A15: Avg HC Time (min) | B15: 16 | C15: 1 | D15: {=IF(INDEX(Export!$A$2:$S$93,MATCH(D$3,Export!$A$2:$A$93,0),$B15)="","n/a",INDEX(Export!$A$2:$S$93,MATCH(D$3,Export!$A$2:$A$93,0),$B15))} -> 16.733906 | E15: =IFERROR(_xlfn.RANK.EQ(D15,INDEX(Export!$C$2:$S$93,0,$B15-2),$C15),"n/a") -> 85 | F15: {=IF(INDEX(Export!$A$2:$S$93,MATCH(F$3,Export!$A$2:$A$93,0),$B15)="","n/a",INDEX(Export!$A$2:$S$93,MATCH(F$3,Export!$A$2:$A$93,0),$B15))} -> 15.449081 | G15: =IFERROR(_xlfn.RANK.EQ(F15,INDEX(Export!$C$2:$S$93,0,$B15-2),$C15),"n/a") -> 59 | H15: {=IF(INDEX(Export!$A$2:$S$93,MATCH(H$3,Export!$A$2:$A$93,0),$B15)="","n/a",INDEX(Export!$A$2:$S$93,MATCH(H$3,Export!$A$2:$A$93,0),$B15))} -> 14.122527 | I15: =IFERROR(_xlfn.RANK.EQ(H15,INDEX(Export!$C$2:$S$93,0,$B15-2),$C15),"n/a") -> 28 | J15: {=IF(INDEX(Export!$A$2:$S$93,MATCH(J$3,Export!$A$2:$A$93,0),$B15)="","n/a",INDEX(Export!$A$2:$S$93,MATCH(J$3,Export!$A$2:$A$93,0),$B15))} -> 17.833244 | K15: =IFERROR(_xlfn.RANK.EQ(J15,INDEX(Export!$C$2:$S$93,0,$B15-2),$C15),"n/a") -> 91 | L15: =AVERAGE(INDEX(Export!$C$2:$S$93,0,$B15-2)) -> 14.940342 | M15: =MEDIAN(INDEX(Export!$C$2:$S$93,0,$B15-2)) -> 15.112658
A16: CPH | B16: 17 | C16: 0 | D16: {=IF(INDEX(Export!$A$2:$S$93,MATCH(D$3,Export!$A$2:$A$93,0),$B16)="","n/a",INDEX(Export!$A$2:$S$93,MATCH(D$3,Export!$A$2:$A$93,0),$B16))} -> 1.7804208 | E16: =IFERROR(_xlfn.RANK.EQ(D16,INDEX(Export!$C$2:$S$93,0,$B16-2),$C16),"n/a") -> 82 | F16: {=IF(INDEX(Export!$A$2:$S$93,MATCH(F$3,Export!$A$2:$A$93,0),$B16)="","n/a",INDEX(Export!$A$2:$S$93,MATCH(F$3,Export!$A$2:$A$93,0),$B16))} -> 2.380453 | G16: =IFERROR(_xlfn.RANK.EQ(F16,INDEX(Export!$C$2:$S$93,0,$B16-2),$C16),"n/a") -> 22 | H16: {=IF(INDEX(Export!$A$2:$S$93,MATCH(H$3,Export!$A$2:$A$93,0),$B16)="","n/a",INDEX(Export!$A$2:$S$93,MATCH(H$3,Export!$A$2:$A$93,0),$B16))} -> 1.5421957 | I16: =IFERROR(_xlfn.RANK.EQ(H16,INDEX(Export!$C$2:$S$93,0,$B16-2),$C16),"n/a") -> 92 | J16: {=IF(INDEX(Export!$A$2:$S$93,MATCH(J$3,Export!$A$2:$A$93,0),$B16)="","n/a",INDEX(Export!$A$2:$S$93,MATCH(J$3,Export!$A$2:$A$93,0),$B16))} -> 2.1159361 | K16: =IFERROR(_xlfn.RANK.EQ(J16,INDEX(Export!$C$2:$S$93,0,$B16-2),$C16),"n/a") -> 52 | L16: =AVERAGE(INDEX(Export!$C$2:$S$93,0,$B16-2)) -> 2.1543807 | M16: =MEDIAN(INDEX(Export!$C$2:$S$93,0,$B16-2)) -> 2.1453912
... A18: Discount % | B18: 19 | C18: 1 | D18: {=IF(INDEX(Export!$A$2:$S$93,MATCH(D$3,Export!$A$2:$A$93,0),$B18)="","n/a",INDEX(Export!$A$2:$S$93,MATCH(D$3,Export!$A$2:$A$93,0),$B18))} -> 0.10047081 | E18: =IFERROR(_xlfn.RANK.EQ(D18,INDEX(Export!$C$2:$S$93,0,$B18-2),$C18),"n/a") -> 90 | F18: {=IF(INDEX(Export!$A$2:$S$93,MATCH(F$3,Export!$A$2:$A$93,0),$B18)="","n/a",INDEX(Export!$A$2:$S$93,MATCH(F$3,Export!$A$2:$A$93,0),$B18))} -> 0.01942158 | G18: =IFERROR(_xlfn.RANK.EQ(F18,INDEX(Export!$C$2:$S$93,0,$B18-2),$C18),"n/a") -> 10 | H18: {=IF(INDEX(Export!$A$2:$S$93,MATCH(H$3,Export!$A$2:$A$93,0),$B18)="","n/a",INDEX(Export!$A$2:$S$93,MATCH(H$3,Export!$A$2:$A$93,0),$B18))} -> 0.040226332 | I18: =IFERROR(_xlfn.RANK.EQ(H18,INDEX(Export!$C$2:$S$93,0,$B18-2),$C18),"n/a") -> 51 | J18: {=IF(INDEX(Export!$A$2:$S$93,MATCH(J$3,Export!$A$2:$A$93,0),$B18)="","n/a",INDEX(Export!$A$2:$S$93,MATCH(J$3,Export!$A$2:$A$93,0),$B18))} -> 0.037182096 | K18: =IFERROR(_xlfn.RANK.EQ(J18,INDEX(Export!$C$2:$S$93,0,$B18-2),$C18),"n/a") -> 40 | L18: =AVERAGE(INDEX(Export!$C$2:$S$93,0,$B18-2)) -> 0.042203887 | M18: =MEDIAN(INDEX(Export!$C$2:$S$93,0,$B18-2)) -> 0.038477883
A20: Salon-by-Salon Summary vs. Competition
A22: =D3 -> 4216: North River Ranch
A23: ="Traffic: "&TEXT(D5,"#,##0")&" customers (rank "&E5&") vs. chain avg "&TEXT(L5,"#,##0")&". No prior-year data — this reads as a new/ramping salon, so the Floor Hours Growth field holds raw hours, not growth, and its rank should be ignored." -> Traffic: 245 customers (rank 86) vs. chain avg 381. No prior-year data — this reads as a new/ramping salon, so the Floor Hours Growth field holds raw hours, not growth, and its rank should be ignored.
A24: ="Strengths: best-in-class guest capture and loyalty — new customers are "&TEXT(D8,"0.0%")&" of traffic (rank "&E8&") vs. "&TEXT(L8,"0.0%")&" chain avg, repeat-customer return is "&TEXT(D10,"0.0%")&" (rank "&E10&"), and new-customer return "&TEXT(D9,"0.0%")&" (rank "&E9&"). Waits are under control at "&TEXT(D14,"0.0")&" min average." -> Strengths: best-in-class guest capture and loyalty — new customers are 29.8% of traffic (rank 4) vs. 19.0% chain avg, repeat-customer return is 80.0% (rank 2), and new-customer return 31.9% (rank 11). Waits are under control at 5.1 min average.
A25: ="Weaknesses: labor efficiency is bottom-decile — CPH "&TEXT(D16,"0.00")&" (rank "&E16&") and productivity "&TEXT(D17,"0.0")&" (rank "&E17&") both well below the "&TEXT(L16,"0.00")&" / "&TEXT(L17,"0.0")&" chain averages, with the slowest-quartile haircut time of "&TEXT(D15,"0.0")&" min (rank "&E15&"). Discounting is "&TEXT(D18,"0.0%")&" (rank "&E18&"), roughly "&TEXT(D18/L18,"0.0")&"x the chain average." -> Weaknesses: labor efficiency is bottom-decile — CPH 1.78 (rank 82) and productivity 35.2 (rank 81) both well below the 2.15 / 43.2 chain averages, with the slowest-quartile haircut time of 16.7 min (rank 85). Discounting is 10.0% (rank 90), roughly 2.4x the chain average.
A26: Verdict: winning the customer, losing on the economics. Acquisition and retention are top-5 in the chain, but heavy discounting and low throughput mean that traffic isn't converting into productive hours. Priority is pulling the discount rate back toward chain norms and tightening service times.
A28: =F3 -> 3800: Publix at Braden River
A29: ="Traffic: "&TEXT(F5,"#,##0")&" customers (rank "&G5&"), up "&TEXT(F6,"0.0%")&" year over year — rank "&G6&" in the chain and more than double the "&TEXT(L6,"0.0%")&" average growth. Floor hours grew "&TEXT(F12,"0.0")&" (rank "&G12&"), so the added demand is being staffed for." -> Traffic: 406 customers (rank 34), up 53.8% year over year — rank 5 in the chain and more than double the 23.9% average growth. Floor hours grew 20.5 (rank 9), so the added demand is being staffed for.
A30: ="Strengths: fastest service of the four — only "&TEXT(F13,"0.0%")&" of guests wait over 15 minutes (rank "&G13&") and average wait is "&TEXT(F14,"0.0")&" min (rank "&G14&"). Efficiency is above average on both CPH "&TEXT(F16,"0.00")&" (rank "&G16&") and productivity "&TEXT(F17,"0.0")&" (rank "&G17&"), and it is doing it on the cleanest pricing of the group at "&TEXT(F18,"0.0%")&" discount (rank "&G18&")." -> Strengths: fastest service of the four — only 7.4% of guests wait over 15 minutes (rank 16) and average wait is 3.4 min (rank 10). Efficiency is above average on both CPH 2.38 (rank 22) and productivity 46.7 (rank 26), and it is doing it on the cleanest pricing of the group at 1.9% discount (rank 10).
A31: ="Weakness: new-guest acquisition. New customers are just "&TEXT(F8,"0.0%")&" of traffic (rank "&G8&") vs. "&TEXT(L8,"0.0%")&" chain avg — the growth is coming from repeat and transferred guests, not from new trial. New-customer return of "&TEXT(F9,"0.0%")&" (rank "&G9&") is strong, so the funnel converts well once someone walks in." -> Weakness: new-guest acquisition. New customers are just 13.1% of traffic (rank 87) vs. 19.0% chain avg — the growth is coming from repeat and transferred guests, not from new trial. New-customer return of 28.7% (rank 19) is strong, so the funnel converts well once someone walks in.
A32: Verdict: the standout of the four and a top-quartile performer chain-wide. Growth, speed, efficiency, and margin discipline all line up. The one gap worth attacking is top-of-funnel — local marketing to lift new-guest share should compound well given the strong new-customer return rate.
A34: =H3 -> 3750: Publix at County Line Road
A35: ="Traffic: "&TEXT(H5,"#,##0")&" customers — rank "&I5&", the smallest volume of any salon in the export and roughly half the "&TEXT(L5,"#,##0")&" chain average. Growth is positive at "&TEXT(H6,"0.0%")&" (rank "&I6&"), so it is building, just from a very low base." -> Traffic: 195 customers — rank 91, the smallest volume of any salon in the export and roughly half the 381 chain average. Growth is positive at 12.7% (rank 62), so it is building, just from a very low base.
A36: ="Core problem: it is the least productive salon in the chain. CPH "&TEXT(H16,"0.00")&" ranks "&I16&" and productivity "&TEXT(H17,"0.0")&" ranks "&I17&" — dead last on both, against chain averages of "&TEXT(L16,"0.00")&" and "&TEXT(L17,"0.0")&". Floor hours of "&TEXT(H11,"#,##0.0")&" (rank "&I11&") are low in absolute terms but still too high for the demand: waits are minimal at "&TEXT(H14,"0.0")&" min and only "&TEXT(H13,"0.0%")&" exceed 15 minutes, meaning stylists are idle, not slammed." -> Core problem: it is the least productive salon in the chain. CPH 1.54 ranks 92 and productivity 31.3 ranks 92 — dead last on both, against chain averages of 2.15 and 43.2. Floor hours of 131.8 (rank 90) are low in absolute terms but still too high for the demand: waits are minimal at 3.8 min and only 8.7% exceed 15 minutes, meaning stylists are idle, not slammed.
A37: ="Bright spot: loyalty. Repeat-customer return of "&TEXT(H10,"0.0%")&" ranks "&I10&" chain-wide. New-customer return of "&TEXT(H9,"0.0%")&" (rank "&I9&") and new-guest share of "&TEXT(H8,"0.0%")&" (rank "&I8&") are both below average, so the existing base is loyal but too few new guests are entering it." -> Bright spot: loyalty. Repeat-customer return of 77.5% ranks 14 chain-wide. New-customer return of 18.8% (rank 64) and new-guest share of 15.4% (rank 68) are both below average, so the existing base is loyal but too few new guests are entering it.
A38: Verdict: a demand problem, not a service problem. The salon retains who it has but is not attracting enough traffic to cover the hours on the floor. Two levers: trim scheduled hours to match realized demand (waits give plenty of headroom), and drive new-guest trial in the trade area.
A40: =J3 -> 3826: Kings Crossing Publix
A41: ="Traffic: "&TEXT(J5,"#,##0")&" customers (rank "&K5&"), up "&TEXT(J6,"0.0%")&" year over year (rank "&K6&") — solidly mid-pack and slightly below the "&TEXT(L6,"0.0%")&" chain average growth. Floor hours of "&TEXT(J11,"#,##0.0")&" rank "&K11&", so staffing levels are not the shortfall." -> Traffic: 394 customers (rank 37), up 18.0% year over year (rank 49) — solidly mid-pack and slightly below the 23.9% chain average growth. Floor hours of 189.9 rank 27, so staffing levels are not the shortfall.
A42: ="Core problem: service speed. Average haircut time of "&TEXT(J15,"0.0")&" min is the slowest in the chain (rank "&K15&") against a "&TEXT(L15,"0.0")&" min average. That cascades directly into waits: "&TEXT(J13,"0.0%")&" of guests wait over 15 minutes (rank "&K13&") and the average wait is "&TEXT(J14,"0.0")&" min (rank "&K14&") vs. "&TEXT(L14,"0.0")&" chain-wide. Effectively the worst wait experience of any salon in the file." -> Core problem: service speed. Average haircut time of 17.8 min is the slowest in the chain (rank 91) against a 14.9 min average. That cascades directly into waits: 25.9% of guests wait over 15 minutes (rank 91) and the average wait is 9.9 min (rank 91) vs. 5.4 chain-wide. Effectively the worst wait experience of any salon in the file.
A43: ="Everything else is average: CPH "&TEXT(J16,"0.00")&" (rank "&K16&"), productivity "&TEXT(J17,"0.0")&" (rank "&K17&"), discount "&TEXT(J18,"0.0%")&" (rank "&K18&"). Retention holds up — new-customer return "&TEXT(J9,"0.0%")&" (rank "&K9&") and repeat return "&TEXT(J10,"0.0%")&" (rank "&K10&") — but new-guest share of "&TEXT(J8,"0.0%")&" (rank "&K8&") is soft." -> Everything else is average: CPH 2.12 (rank 52), productivity 41.4 (rank 56), discount 3.7% (rank 40). Retention holds up — new-customer return 26.2% (rank 25) and repeat return 74.3% (rank 33) — but new-guest share of 14.7% (rank 72) is soft.
A44: Verdict: hours and demand are fine; throughput is the bottleneck. Cutting the average haircut time toward the ~15-minute chain norm would clear the wait problem without adding a single floor hour, and would lift CPH and productivity at the same time. Highest-leverage single fix across the four salons.
